{
    "Customers": [
        {
            "CustomerNumber": "1",
            "Form": "Firma",
            "CustomerName": "SAP SE",
            "Street": "Dietmar-Hopp-Allee 16",
            "PostCode": "69190",
            "City": "Walldorf",
            "Country": "DE",
            "Email": "info@sap.de",
            "Telephone": "06227-34-0",
            "Discount": "10",
            "_Bookings": [
                {
                    "AirlineID": "AZ",
                    "ConnectionNumber": "788",
                    "FlightDate": "2024-02-27",
                    "BookingNumber": "2061",
                    "BookingDate": "2024-02-17",
                    "Class": "Y",
                    "ForeignCurrencyPayment": 927.00,
                    "ForeignCurrency": "EUR",
                    "AgencyNumber": "0",
                    "IsCancelled": ""
                },
                {
                    "AirlineID": "AZ",
                    "ConnectionNumber": "789",
                    "FlightDate": "2024-02-28",
                    "BookingNumber": "7080",
                    "BookingDate": "2024-02-18",
                    "Class": "C",
                    "ForeignCurrencyPayment": 927.00,
                    "ForeignCurrency": "EUR",
                    "AgencyNumber": "100",
                    "IsCancelled": ""
                },
                {
                    "AirlineID": "AZ",
                    "ConnectionNumber": "790",
                    "FlightDate": "2024-01-27",
                    "BookingNumber": "11297",
                    "BookingDate": "2024-01-17",
                    "Class": "Y",
                    "ForeignCurrencyPayment": 912.60,
                    "ForeignCurrency": "EUR",
                    "AgencyNumber": "0",
                    "IsCancelled": "X"
                },
                {
                    "AirlineID": "AZ",
                    "ConnectionNumber": "790",
                    "FlightDate": "2024-07-06",
                    "BookingNumber": "13481",
                    "BookingDate": "2024-06-26",
                    "Class": "F",
                    "ForeignCurrencyPayment": 837.25,
                    "ForeignCurrency": "USD",
                    "AgencyNumber": "297",
                    "IsCancelled": ""
                },
                {
                    "AirlineID": "DL",
                    "ConnectionNumber": "1984",
                    "FlightDate": "2024-06-02",
                    "BookingNumber": "8494",
                    "BookingDate": "2024-05-23",
                    "Class": "C",
                    "ForeignCurrencyPayment": 380.65,
                    "ForeignCurrency": "USD",
                    "AgencyNumber": "0",
                    "IsCancelled": "X"
                },
                {
                    "AirlineID": "JL",
                    "ConnectionNumber": "408",
                    "FlightDate": "2024-04-04",
                    "BookingNumber": "5624",
                    "BookingDate": "2024-03-24",
                    "Class": "F",
                    "ForeignCurrencyPayment": 793.00,
                    "ForeignCurrency": "USD",
                    "AgencyNumber": "111",
                    "IsCancelled": ""
                },
                {
                    "AirlineID": "JL",
                    "ConnectionNumber": "407",
                    "FlightDate": "2024-01-29",
                    "BookingNumber": "85",
                    "BookingDate": "2024-01-19",
                    "Class": "F",
                    "ForeignCurrencyPayment": 864.00,
                    "ForeignCurrency": "JPY",
                    "AgencyNumber": "119",
                    "IsCancelled": "X"
                }
            ]
        },
        {
            "CustomerNumber": "2",
            "Form": "Herr",
            "CustomerName": "Andreas Klotz",
            "Street": "Pimpinellenweg 9",
            "PostCode": "69190",
            "City": "Walldorf",
            "Country": "DE",
            "Email": "Andreas.Klotz@sap.com",
            "Telephone": "05344-676792",
            "Discount": "20",
            "_Bookings": [
                {
                    "AirlineID": "AA",
                    "ConnectionNumber": "17",
                    "FlightDate": "2024-05-03",
                    "BookingNumber": "1516",
                    "BookingDate": "2024-04-21",
                    "Class": "Y",
                    "ForeignCurrencyPayment": 610.30,
                    "ForeignCurrency": "SGD",
                    "AgencyNumber": "103",
                    "IsCancelled": ""
                },
                {
                    "AirlineID": "AA",
                    "ConnectionNumber": "64",
                    "FlightDate": "2024-06-06",
                    "BookingNumber": "5383",
                    "BookingDate": "2024-05-25",
                    "Class": "Y",
                    "ForeignCurrencyPayment": 368.80,
                    "ForeignCurrency": "EUR",
                    "AgencyNumber": "87",
                    "IsCancelled": "X"
                },
                {
                    "AirlineID": "AA",
                    "ConnectionNumber": "64",
                    "FlightDate": "2024-06-06",
                    "BookingNumber": "5528",
                    "BookingDate": "2024-05-25",
                    "Class": "Y",
                    "ForeignCurrencyPayment": 368.80,
                    "ForeignCurrency": "EUR",
                    "AgencyNumber": "87",
                    "IsCancelled": "X"
                },
                {
                    "AirlineID": "AZ",
                    "ConnectionNumber": "788",
                    "FlightDate": "2024-07-05",
                    "BookingNumber": "4017",
                    "BookingDate": "2024-06-24",
                    "Class": "F",
                    "ForeignCurrencyPayment": 824.00,
                    "ForeignCurrency": "EUR",
                    "AgencyNumber": "114",
                    "IsCancelled": "X"
                },
                {
                    "AirlineID": "AZ",
                    "ConnectionNumber": "789",
                    "FlightDate": "2024-01-27",
                    "BookingNumber": "6496",
                    "BookingDate": "2024-01-15",
                    "Class": "C",
                    "ForeignCurrencyPayment": 511.17,
                    "ForeignCurrency": "GBP",
                    "AgencyNumber": "107",
                    "IsCancelled": ""
                },
                {
                    "AirlineID": "AZ",
                    "ConnectionNumber": "789",
                    "FlightDate": "2024-10-10",
                    "BookingNumber": "10634",
                    "BookingDate": "2024-07-04",
                    "Class": "Y",
                    "ForeignCurrencyPayment": 755.96,
                    "ForeignCurrency": "USD",
                    "AgencyNumber": "320",
                    "IsCancelled": ""
                }
            ]
        },
        {
            "CustomerNumber": "3",
            "Form": "Herr",
            "CustomerName": "Hans Bullinger",
            "Street": "Veilchenstraße 12",
            "PostCode": "69119",
            "City": "Heidelberg",
            "Country": "DE",
            "Email": "Hansi@Bulli.de",
            "Telephone": "02099-44591",
            "Discount": "0",
            "_Bookings": [
                {
                    "AirlineID": "AA",
                    "ConnectionNumber": "64",
                    "FlightDate": "2024-10-12",
                    "BookingNumber": "6890",
                    "BookingDate": "2024-07-02",
                    "Class": "F",
                    "ForeignCurrencyPayment": 461.00,
                    "ForeignCurrency": "EUR",
                    "AgencyNumber": "101",
                    "IsCancelled": ""
                },
                {
                    "AirlineID": "AZ",
                    "ConnectionNumber": "789",
                    "FlightDate": "2024-01-27",
                    "BookingNumber": "6454",
                    "BookingDate": "2024-01-15",
                    "Class": "C",
                    "ForeignCurrencyPayment": 1030.00,
                    "ForeignCurrency": "EUR",
                    "AgencyNumber": "101",
                    "IsCancelled": ""
                },
                {
                    "AirlineID": "AZ",
                    "ConnectionNumber": "789",
                    "FlightDate": "2024-07-06",
                    "BookingNumber": "8955",
                    "BookingDate": "2024-06-24",
                    "Class": "Y",
                    "ForeignCurrencyPayment": 113875,
                    "ForeignCurrency": "JPY",
                    "AgencyNumber": "0",
                    "IsCancelled": "X"
                },
                {
                    "AirlineID": "AZ",
                    "ConnectionNumber": "790",
                    "FlightDate": "2024-01-27",
                    "BookingNumber": "11145",
                    "BookingDate": "2024-01-14",
                    "Class": "Y",
                    "ForeignCurrencyPayment": 1014.00,
                    "ForeignCurrency": "EUR",
                    "AgencyNumber": "122",
                    "IsCancelled": ""
                },
                {
                    "AirlineID": "AZ",
                    "ConnectionNumber": "790",
                    "FlightDate": "2024-04-01",
                    "BookingNumber": "12287",
                    "BookingDate": "2024-03-20",
                    "Class": "Y",
                    "ForeignCurrencyPayment": 1014.00,
                    "ForeignCurrency": "EUR",
                    "AgencyNumber": "124",
                    "IsCancelled": ""
                },
                {
                    "AirlineID": "AZ",
                    "ConnectionNumber": "790",
                    "FlightDate": "2024-06-04",
                    "BookingNumber": "12829",
                    "BookingDate": "2024-05-23",
                    "Class": "Y",
                    "ForeignCurrencyPayment": 1014.00,
                    "ForeignCurrency": "EUR",
                    "AgencyNumber": "105",
                    "IsCancelled": "X"
                },
                {
                    "AirlineID": "JL",
                    "ConnectionNumber": "408",
                    "FlightDate": "2024-03-03",
                    "BookingNumber": "5369",
                    "BookingDate": "2024-02-18",
                    "Class": "F",
                    "ForeignCurrencyPayment": 961.00,
                    "ForeignCurrency": "EUR",
                    "AgencyNumber": "188",
                    "IsCancelled": "X"
                },
                {
                    "AirlineID": "JL",
                    "ConnectionNumber": "408",
                    "FlightDate": "2024-09-11",
                    "BookingNumber": "7782",
                    "BookingDate": "2024-07-03",
                    "Class": "C",
                    "ForeignCurrencyPayment": 961.00,
                    "ForeignCurrency": "EUR",
                    "AgencyNumber": "0",
                    "IsCancelled": ""
                }
            ]
        },
        {
            "CustomerNumber": "4",
            "Form": "Frau",
            "CustomerName": "Staerck",
            "Street": "Kaiserstr. 55",
            "PostCode": "69115",
            "City": "Heidelberg",
            "Country": "DE",
            "Email": "Farbenblind@gmx.de",
            "Telephone": "07508-66-7886",
            "Discount": "0",
            "_Bookings": [
                {
                    "AirlineID": "AA",
                    "ConnectionNumber": "17",
                    "FlightDate": "2024-01-27",
                    "BookingNumber": "317",
                    "BookingDate": "2024-01-13",
                    "Class": "Y",
                    "ForeignCurrencyPayment": 461.00,
                    "ForeignCurrency": "EUR",
                    "AgencyNumber": "188",
                    "IsCancelled": ""
                },
                {
                    "AirlineID": "AZ",
                    "ConnectionNumber": "555",
                    "FlightDate": "2024-08-07",
                    "BookingNumber": "884",
                    "BookingDate": "2024-07-02",
                    "Class": "Y",
                    "ForeignCurrencyPayment": 185.00,
                    "ForeignCurrency": "EUR",
                    "AgencyNumber": "110",
                    "IsCancelled": ""
                },
                {
                    "AirlineID": "AZ",
                    "ConnectionNumber": "788",
                    "FlightDate": "2024-01-26",
                    "BookingNumber": "1662",
                    "BookingDate": "2024-01-12",
                    "Class": "F",
                    "ForeignCurrencyPayment": 1030.00,
                    "ForeignCurrency": "EUR",
                    "AgencyNumber": "0",
                    "IsCancelled": ""
                },
                {
                    "AirlineID": "AZ",
                    "ConnectionNumber": "788",
                    "FlightDate": "2024-07-05",
                    "BookingNumber": "4203",
                    "BookingDate": "2024-06-21",
                    "Class": "F",
                    "ForeignCurrencyPayment": 1704.45,
                    "ForeignCurrency": "SGD",
                    "AgencyNumber": "103",
                    "IsCancelled": ""
                },
                {
                    "AirlineID": "AZ",
                    "ConnectionNumber": "789",
                    "FlightDate": "2024-06-04",
                    "BookingNumber": "8335",
                    "BookingDate": "2024-05-21",
                    "Class": "C",
                    "ForeignCurrencyPayment": 2060.00,
                    "ForeignCurrency": "EUR",
                    "AgencyNumber": "122",
                    "IsCancelled": ""
                },
                {
                    "AirlineID": "AZ",
                    "ConnectionNumber": "789",
                    "FlightDate": "2024-06-04",
                    "BookingNumber": "8336",
                    "BookingDate": "2024-01-30",
                    "Class": "C",
                    "ForeignCurrencyPayment": 2060.00,
                    "ForeignCurrency": "EUR",
                    "AgencyNumber": "93",
                    "IsCancelled": "X"
                },
                {
                    "AirlineID": "DL",
                    "ConnectionNumber": "1699",
                    "FlightDate": "2024-02-26",
                    "BookingNumber": "3804",
                    "BookingDate": "2024-02-13",
                    "Class": "Y",
                    "ForeignCurrencyPayment": 285.98,
                    "ForeignCurrency": "GBP",
                    "AgencyNumber": "109",
                    "IsCancelled": "X"
                },
                {
                    "AirlineID": "JL",
                    "ConnectionNumber": "408",
                    "FlightDate": "2024-08-10",
                    "BookingNumber": "7213",
                    "BookingDate": "2024-07-02",
                    "Class": "C",
                    "ForeignCurrencyPayment": 961.00,
                    "ForeignCurrency": "EUR",
                    "AgencyNumber": "0",
                    "IsCancelled": ""
                },
                {
                    "AirlineID": "JL",
                    "ConnectionNumber": "408",
                    "FlightDate": "2024-12-16",
                    "BookingNumber": "8474",
                    "BookingDate": "2024-07-01",
                    "Class": "Y",
                    "ForeignCurrencyPayment": 881.00,
                    "ForeignCurrency": "USD",
                    "AgencyNumber": "297",
                    "IsCancelled": ""
                },
                {
                    "AirlineID": "LH",
                    "ConnectionNumber": "400",
                    "FlightDate": "2024-01-30",
                    "BookingNumber": "164",
                    "BookingDate": "2024-01-16",
                    "Class": "Y",
                    "ForeignCurrencyPayment": 666.00,
                    "ForeignCurrency": "EUR",
                    "AgencyNumber": "117",
                    "IsCancelled": ""
                },
                {
                    "AirlineID": "LH",
                    "ConnectionNumber": "400",
                    "FlightDate": "2024-04-04",
                    "BookingNumber": "1120",
                    "BookingDate": "2024-03-21",
                    "Class": "Y",
                    "ForeignCurrencyPayment": 611.01,
                    "ForeignCurrency": "USD",
                    "AgencyNumber": "55",
                    "IsCancelled": ""
                },
                {
                    "AirlineID": "LH",
                    "ConnectionNumber": "400",
                    "FlightDate": "2024-07-28",
                    "BookingNumber": "2915",
                    "BookingDate": "2024-07-14",
                    "Class": "F",
                    "ForeignCurrencyPayment": 666.00,
                    "ForeignCurrency": "EUR",
                    "AgencyNumber": "291",
                    "IsCancelled": ""
                }
            ]
        },
        {
            "CustomerNumber": "5",
            "Form": "Mister",
            "CustomerName": "Martin",
            "Street": "44 Harolds Road",
            "PostCode": "L07 1AZ",
            "City": "Liverpool",
            "Country": "GB",
            "Email": "Steve.Martin@hool.uk",
            "Telephone": "3457-345-2472",
            "Discount": "0",
            "_Bookings": [
                {
                    "AirlineID": "AA",
                    "ConnectionNumber": "64",
                    "FlightDate": "2024-08-09",
                    "BookingNumber": "6423",
                    "BookingDate": "2024-06-29",
                    "Class": "Y",
                    "ForeignCurrencyPayment": 461.00,
                    "ForeignCurrency": "EUR",
                    "AgencyNumber": "119",
                    "IsCancelled": ""
                },
                {
                    "AirlineID": "AZ",
                    "ConnectionNumber": "788",
                    "FlightDate": "2024-05-02",
                    "BookingNumber": "2982",
                    "BookingDate": "2024-04-17",
                    "Class": "C",
                    "ForeignCurrencyPayment": 944.95,
                    "ForeignCurrency": "USD",
                    "AgencyNumber": "125",
                    "IsCancelled": ""
                },
                {
                    "AirlineID": "AZ",
                    "ConnectionNumber": "788",
                    "FlightDate": "2024-08-06",
                    "BookingNumber": "4696",
                    "BookingDate": "2024-06-30",
                    "Class": "Y",
                    "ForeignCurrencyPayment": 1030.00,
                    "ForeignCurrency": "EUR",
                    "AgencyNumber": "0",
                    "IsCancelled": "X"
                },
                {
                    "AirlineID": "AZ",
                    "ConnectionNumber": "789",
                    "FlightDate": "2024-04-01",
                    "BookingNumber": "7595",
                    "BookingDate": "2024-03-17",
                    "Class": "C",
                    "ForeignCurrencyPayment": 638.96,
                    "ForeignCurrency": "GBP",
                    "AgencyNumber": "107",
                    "IsCancelled": ""
                },
                {
                    "AirlineID": "AZ",
                    "ConnectionNumber": "789",
                    "FlightDate": "2024-04-01",
                    "BookingNumber": "7793",
                    "BookingDate": "2024-03-17",
                    "Class": "C",
                    "ForeignCurrencyPayment": 9922.93,
                    "ForeignCurrency": "SEK",
                    "AgencyNumber": "106",
                    "IsCancelled": ""
                },
                {
                    "AirlineID": "AZ",
                    "ConnectionNumber": "789",
                    "FlightDate": "2024-07-06",
                    "BookingNumber": "9368",
                    "BookingDate": "2024-06-20",
                    "Class": "Y",
                    "ForeignCurrencyPayment": 944.95,
                    "ForeignCurrency": "USD",
                    "AgencyNumber": "320",
                    "IsCancelled": ""
                },
                {
                    "AirlineID": "AZ",
                    "ConnectionNumber": "789",
                    "FlightDate": "2024-08-07",
                    "BookingNumber": "9549",
                    "BookingDate": "2024-06-29",
                    "Class": "Y",
                    "ForeignCurrencyPayment": 944.95,
                    "ForeignCurrency": "USD",
                    "AgencyNumber": "310",
                    "IsCancelled": ""
                },
                {
                    "AirlineID": "AZ",
                    "ConnectionNumber": "790",
                    "FlightDate": "2024-04-01",
                    "BookingNumber": "12155",
                    "BookingDate": "2024-03-17",
                    "Class": "Y",
                    "ForeignCurrencyPayment": 9768.78,
                    "ForeignCurrency": "SEK",
                    "AgencyNumber": "106",
                    "IsCancelled": "X"
                },
                {
                    "AirlineID": "DL",
                    "ConnectionNumber": "1699",
                    "FlightDate": "2024-01-25",
                    "BookingNumber": "3588",
                    "BookingDate": "2024-01-10",
                    "Class": "F",
                    "ForeignCurrencyPayment": 50968,
                    "ForeignCurrency": "JPY",
                    "AgencyNumber": "118",
                    "IsCancelled": ""
                },
                {
                    "AirlineID": "JL",
                    "ConnectionNumber": "408",
                    "FlightDate": "2024-07-09",
                    "BookingNumber": "6853",
                    "BookingDate": "2024-06-24",
                    "Class": "C",
                    "ForeignCurrencyPayment": 961.00,
                    "ForeignCurrency": "EUR",
                    "AgencyNumber": "120",
                    "IsCancelled": ""
                },
                {
                    "AirlineID": "LH",
                    "ConnectionNumber": "401",
                    "FlightDate": "2024-07-28",
                    "BookingNumber": "6093",
                    "BookingDate": "2024-07-14",
                    "Class": "Y",
                    "ForeignCurrencyPayment": 611.01,
                    "ForeignCurrency": "USD",
                    "AgencyNumber": "304",
                    "IsCancelled": ""
                },
                {
                    "AirlineID": "LH",
                    "ConnectionNumber": "402",
                    "FlightDate": "2024-07-04",
                    "BookingNumber": "10713",
                    "BookingDate": "2024-06-19",
                    "Class": "Y",
                    "ForeignCurrencyPayment": 666.00,
                    "ForeignCurrency": "EUR",
                    "AgencyNumber": "116",
                    "IsCancelled": ""
                },
                {
                    "AirlineID": "LH",
                    "ConnectionNumber": "2402",
                    "FlightDate": "2024-03-03",
                    "BookingNumber": "13701",
                    "BookingDate": "2024-02-16",
                    "Class": "Y",
                    "ForeignCurrencyPayment": 242.00,
                    "ForeignCurrency": "EUR",
                    "AgencyNumber": "0",
                    "IsCancelled": "X"
                },
                {
                    "AirlineID": "LH",
                    "ConnectionNumber": "2402",
                    "FlightDate": "2024-05-06",
                    "BookingNumber": "14917",
                    "BookingDate": "2024-04-22",
                    "Class": "Y",
                    "ForeignCurrencyPayment": 150.12,
                    "ForeignCurrency": "GBP",
                    "AgencyNumber": "112",
                    "IsCancelled": ""
                }
            ]
        },
        {
            "CustomerNumber": "6",
            "Form": "Miss",
            "CustomerName": "Starr",
            "Street": "74 Kings Road",
            "PostCode": "L07 3BC",
            "City": "Liverpool",
            "Country": "GB",
            "Email": "FCStar@unio.uk",
            "Telephone": "5454-46-4674",
            "Discount": "0",
            "_Bookings": [
                {
                    "AirlineID": "AA",
                    "ConnectionNumber": "64",
                    "FlightDate": "2024-03-02",
                    "BookingNumber": "4541",
                    "BookingDate": "2024-02-13",
                    "Class": "Y",
                    "ForeignCurrencyPayment": 422.94,
                    "ForeignCurrency": "USD",
                    "AgencyNumber": "152",
                    "IsCancelled": ""
                },
                {
                    "AirlineID": "AZ",
                    "ConnectionNumber": "555",
                    "FlightDate": "2024-01-27",
                    "BookingNumber": "79",
                    "BookingDate": "2024-01-11",
                    "Class": "Y",
                    "ForeignCurrencyPayment": 185.00,
                    "ForeignCurrency": "EUR",
                    "AgencyNumber": "115",
                    "IsCancelled": ""
                },
                {
                    "AirlineID": "AZ",
                    "ConnectionNumber": "788",
                    "FlightDate": "2024-05-02",
                    "BookingNumber": "2911",
                    "BookingDate": "2024-04-15",
                    "Class": "C",
                    "ForeignCurrencyPayment": 1030.00,
                    "ForeignCurrency": "EUR",
                    "AgencyNumber": "284",
                    "IsCancelled": ""
                },
                {
                    "AirlineID": "AZ",
                    "ConnectionNumber": "788",
                    "FlightDate": "2024-10-09",
                    "BookingNumber": "5507",
                    "BookingDate": "2024-06-29",
                    "Class": "F",
                    "ForeignCurrencyPayment": 944.95,
                    "ForeignCurrency": "USD",
                    "AgencyNumber": "111",
                    "IsCancelled": ""
                },
                {
                    "AirlineID": "AZ",
                    "ConnectionNumber": "789",
                    "FlightDate": "2024-05-03",
                    "BookingNumber": "7963",
                    "BookingDate": "2024-04-17",
                    "Class": "Y",
                    "ForeignCurrencyPayment": 944.95,
                    "ForeignCurrency": "USD",
                    "AgencyNumber": "320",
                    "IsCancelled": ""
                },
                {
                    "AirlineID": "AZ",
                    "ConnectionNumber": "789",
                    "FlightDate": "2024-10-10",
                    "BookingNumber": "10562",
                    "BookingDate": "2024-06-29",
                    "Class": "C",
                    "ForeignCurrencyPayment": 944.95,
                    "ForeignCurrency": "USD",
                    "AgencyNumber": "111",
                    "IsCancelled": ""
                },
                {
                    "AirlineID": "AZ",
                    "ConnectionNumber": "790",
                    "FlightDate": "2024-01-27",
                    "BookingNumber": "11204",
                    "BookingDate": "2024-01-10",
                    "Class": "Y",
                    "ForeignCurrencyPayment": 930.27,
                    "ForeignCurrency": "USD",
                    "AgencyNumber": "152",
                    "IsCancelled": "X"
                }
            ]
        },
        {
            "CustomerNumber": "7",
            "Form": "Mister",
            "CustomerName": "King",
            "Street": "7 Abbey Road",
            "PostCode": "M21 7AB",
            "City": "London",
            "Country": "GB",
            "Email": "Burger@King.com",
            "Telephone": "6548-78-9876",
            "Discount": "0",
            "_Bookings": [
                {
                    "AirlineID": "AA",
                    "ConnectionNumber": "17",
                    "FlightDate": "2024-09-08",
                    "BookingNumber": "3341",
                    "BookingDate": "2024-06-28",
                    "Class": "Y",
                    "ForeignCurrencyPayment": 285.98,
                    "ForeignCurrency": "GBP",
                    "AgencyNumber": "109",
                    "IsCancelled": "X"
                },
                {
                    "AirlineID": "AZ",
                    "ConnectionNumber": "788",
                    "FlightDate": "2024-03-31",
                    "BookingNumber": "2804",
                    "BookingDate": "2024-03-14",
                    "Class": "Y",
                    "ForeignCurrencyPayment": 944.95,
                    "ForeignCurrency": "USD",
                    "AgencyNumber": "297",
                    "IsCancelled": ""
                },
                {
                    "AirlineID": "AZ",
                    "ConnectionNumber": "790",
                    "FlightDate": "2024-08-07",
                    "BookingNumber": "13815",
                    "BookingDate": "2024-06-27",
                    "Class": "F",
                    "ForeignCurrencyPayment": 1014.00,
                    "ForeignCurrency": "EUR",
                    "AgencyNumber": "0",
                    "IsCancelled": "X"
                },
                {
                    "AirlineID": "DL",
                    "ConnectionNumber": "1984",
                    "FlightDate": "2024-05-01",
                    "BookingNumber": "7587",
                    "BookingDate": "2024-04-14",
                    "Class": "Y",
                    "ForeignCurrencyPayment": 461.00,
                    "ForeignCurrency": "EUR",
                    "AgencyNumber": "116",
                    "IsCancelled": ""
                },
                {
                    "AirlineID": "JL",
                    "ConnectionNumber": "407",
                    "FlightDate": "2024-08-09",
                    "BookingNumber": "3251",
                    "BookingDate": "2024-06-28",
                    "Class": "C",
                    "ForeignCurrencyPayment": 106136,
                    "ForeignCurrency": "JPY",
                    "AgencyNumber": "118",
                    "IsCancelled": "X"
                },
                {
                    "AirlineID": "LH",
                    "ConnectionNumber": "400",
                    "FlightDate": "2024-07-09",
                    "BookingNumber": "2447",
                    "BookingDate": "2024-06-22",
                    "Class": "Y",
                    "ForeignCurrencyPayment": 666.00,
                    "ForeignCurrency": "EUR",
                    "AgencyNumber": "0",
                    "IsCancelled": ""
                },
                {
                    "AirlineID": "LH",
                    "ConnectionNumber": "401",
                    "FlightDate": "2024-01-29",
                    "BookingNumber": "4256",
                    "BookingDate": "2024-01-12",
                    "Class": "Y",
                    "ForeignCurrencyPayment": 413.15,
                    "ForeignCurrency": "GBP",
                    "AgencyNumber": "109",
                    "IsCancelled": "X"
                },
                {
                    "AirlineID": "LH",
                    "ConnectionNumber": "401",
                    "FlightDate": "2024-08-09",
                    "BookingNumber": "6421",
                    "BookingDate": "2024-06-28",
                    "Class": "F",
                    "ForeignCurrencyPayment": 666.00,
                    "ForeignCurrency": "EUR",
                    "AgencyNumber": "116",
                    "IsCancelled": ""
                },
                {
                    "AirlineID": "LH",
                    "ConnectionNumber": "402",
                    "FlightDate": "2024-09-06",
                    "BookingNumber": "12019",
                    "BookingDate": "2024-06-28",
                    "Class": "Y",
                    "ForeignCurrencyPayment": 666.00,
                    "ForeignCurrency": "EUR",
                    "AgencyNumber": "119",
                    "IsCancelled": ""
                },
                {
                    "AirlineID": "LH",
                    "ConnectionNumber": "2402",
                    "FlightDate": "2024-01-30",
                    "BookingNumber": "13186",
                    "BookingDate": "2024-01-13",
                    "Class": "C",
                    "ForeignCurrencyPayment": 242.00,
                    "ForeignCurrency": "EUR",
                    "AgencyNumber": "114",
                    "IsCancelled": ""
                },
                {
                    "AirlineID": "QF",
                    "ConnectionNumber": "5",
                    "FlightDate": "2024-06-06",
                    "BookingNumber": "1762",
                    "BookingDate": "2024-05-20",
                    "Class": "Y",
                    "ForeignCurrencyPayment": 1050.00,
                    "ForeignCurrency": "EUR",
                    "AgencyNumber": "119",
                    "IsCancelled": "X"
                },
                {
                    "AirlineID": "QF",
                    "ConnectionNumber": "6",
                    "FlightDate": "2024-07-06",
                    "BookingNumber": "5122",
                    "BookingDate": "2024-06-18",
                    "Class": "Y",
                    "ForeignCurrencyPayment": 1050.00,
                    "ForeignCurrency": "EUR",
                    "AgencyNumber": "0",
                    "IsCancelled": "X"
                },
                {
                    "AirlineID": "SQ",
                    "ConnectionNumber": "2",
                    "FlightDate": "2024-01-28",
                    "BookingNumber": "240",
                    "BookingDate": "2024-01-10",
                    "Class": "F",
                    "ForeignCurrencyPayment": 1286.23,
                    "ForeignCurrency": "USD",
                    "AgencyNumber": "323",
                    "IsCancelled": ""
                },
                {
                    "AirlineID": "SQ",
                    "ConnectionNumber": "988",
                    "FlightDate": "2024-05-04",
                    "BookingNumber": "12250",
                    "BookingDate": "2024-04-16",
                    "Class": "Y",
                    "ForeignCurrencyPayment": 550.00,
                    "ForeignCurrency": "EUR",
                    "AgencyNumber": "116",
                    "IsCancelled": ""
                },
                {
                    "AirlineID": "SQ",
                    "ConnectionNumber": "988",
                    "FlightDate": "2024-09-09",
                    "BookingNumber": "13752",
                    "BookingDate": "2024-06-27",
                    "Class": "F",
                    "ForeignCurrencyPayment": 504.59,
                    "ForeignCurrency": "USD",
                    "AgencyNumber": "323",
                    "IsCancelled": ""
                },
                {
                    "AirlineID": "SQ",
                    "ConnectionNumber": "15",
                    "FlightDate": "2024-01-27",
                    "BookingNumber": "5359",
                    "BookingDate": "2024-01-10",
                    "Class": "C",
                    "ForeignCurrencyPayment": 869.74,
                    "ForeignCurrency": "GBP",
                    "AgencyNumber": "109",
                    "IsCancelled": ""
                }
            ]
        },
        {
            "CustomerNumber": "8",
            "Form": "Company",
            "CustomerName": "Moore",
            "Street": "14 Carnaby Street",
            "PostCode": "SW3 4DE",
            "City": "London",
            "Country": "GB",
            "Email": "Moore@abc.net",
            "Telephone": "3790-34-4384",
            "Discount": "0",
            "_Bookings": []
        },
        {
            "CustomerNumber": "9",
            "Form": "",
            "CustomerName": "Everton FC",
            "Street": "Sir Wellington Road",
            "PostCode": "L08 5RZ",
            "City": "Liverpool",
            "Country": "GB",
            "Email": "Football.Liverpool@sports.com",
            "Telephone": "332-5678-0",
            "Discount": "0",
            "_Bookings": [
                {
                    "AirlineID": "AA",
                    "ConnectionNumber": "17",
                    "FlightDate": "2024-06-04",
                    "BookingNumber": "2170",
                    "BookingDate": "2024-05-15",
                    "Class": "Y",
                    "ForeignCurrencyPayment": 461.00,
                    "ForeignCurrency": "EUR",
                    "AgencyNumber": "110",
                    "IsCancelled": "X"
                },
                {
                    "AirlineID": "AZ",
                    "ConnectionNumber": "788",
                    "FlightDate": "2024-06-03",
                    "BookingNumber": "3694",
                    "BookingDate": "2024-05-14",
                    "Class": "Y",
                    "ForeignCurrencyPayment": 1030.00,
                    "ForeignCurrency": "EUR",
                    "AgencyNumber": "110",
                    "IsCancelled": ""
                },
                {
                    "AirlineID": "AZ",
                    "ConnectionNumber": "788",
                    "FlightDate": "2024-09-07",
                    "BookingNumber": "5076",
                    "BookingDate": "2024-06-24",
                    "Class": "Y",
                    "ForeignCurrencyPayment": 1030.00,
                    "ForeignCurrency": "EUR",
                    "AgencyNumber": "0",
                    "IsCancelled": ""
                },
                {
                    "AirlineID": "AZ",
                    "ConnectionNumber": "789",
                    "FlightDate": "2024-04-01",
                    "BookingNumber": "7326",
                    "BookingDate": "2024-03-13",
                    "Class": "F",
                    "ForeignCurrencyPayment": 3090.00,
                    "ForeignCurrency": "EUR",
                    "AgencyNumber": "101",
                    "IsCancelled": ""
                },
                {
                    "AirlineID": "AZ",
                    "ConnectionNumber": "789",
                    "FlightDate": "2024-05-03",
                    "BookingNumber": "7994",
                    "BookingDate": "2024-04-12",
                    "Class": "C",
                    "ForeignCurrencyPayment": 638.96,
                    "ForeignCurrency": "GBP",
                    "AgencyNumber": "109",
                    "IsCancelled": "X"
                },
                {
                    "AirlineID": "DL",
                    "ConnectionNumber": "1699",
                    "FlightDate": "2024-08-05",
                    "BookingNumber": "5308",
                    "BookingDate": "2024-06-25",
                    "Class": "F",
                    "ForeignCurrencyPayment": 422.94,
                    "ForeignCurrency": "USD",
                    "AgencyNumber": "310",
                    "IsCancelled": "X"
                }
            ]
        },
        {
            "CustomerNumber": "10",
            "Form": "Herr",
            "CustomerName": "Raupp",
            "Street": "Glockenblumenweg 5",
            "PostCode": "8002",
            "City": "Zuerich",
            "Country": "CH",
            "Email": "HelmutDanielaRaupp@swiss.ch",
            "Telephone": "+41 44 269 99 99",
            "Discount": "0",
            "_Bookings": [
                {
                    "AirlineID": "AZ",
                    "ConnectionNumber": "788",
                    "FlightDate": "2024-06-03",
                    "BookingNumber": "3391",
                    "BookingDate": "2024-05-13",
                    "Class": "C",
                    "ForeignCurrencyPayment": 1277.92,
                    "ForeignCurrency": "GBP",
                    "AgencyNumber": "107",
                    "IsCancelled": ""
                },
                {
                    "AirlineID": "AZ",
                    "ConnectionNumber": "790",
                    "FlightDate": "2024-04-01",
                    "BookingNumber": "12248",
                    "BookingDate": "2024-03-11",
                    "Class": "Y",
                    "ForeignCurrencyPayment": 930.27,
                    "ForeignCurrency": "USD",
                    "AgencyNumber": "111",
                    "IsCancelled": ""
                },
                {
                    "AirlineID": "DL",
                    "ConnectionNumber": "1984",
                    "FlightDate": "2024-01-25",
                    "BookingNumber": "6435",
                    "BookingDate": "2024-01-03",
                    "Class": "Y",
                    "ForeignCurrencyPayment": 461.00,
                    "ForeignCurrency": "EUR",
                    "AgencyNumber": "121",
                    "IsCancelled": ""
                }
            ]
        },
        {
            "CustomerNumber": "11",
            "Form": "Herr",
            "CustomerName": "Ballmann",
            "Street": "Ballmanns Leiden 7",
            "PostCode": "69115",
            "City": "Heidelberg",
            "Country": "DE",
            "Email": "Ball@mann.net",
            "Telephone": "+49 6221 6784534",
            "Discount": "0",
            "_Bookings": [
                {
                    "AirlineID": "AA",
                    "ConnectionNumber": "64",
                    "FlightDate": "2024-11-13",
                    "BookingNumber": "6988",
                    "BookingDate": "2024-06-22",
                    "Class": "C",
                    "ForeignCurrencyPayment": 461.00,
                    "ForeignCurrency": "EUR",
                    "AgencyNumber": "116",
                    "IsCancelled": ""
                },
                {
                    "AirlineID": "AA",
                    "ConnectionNumber": "64",
                    "FlightDate": "2024-01-16",
                    "BookingNumber": "7047",
                    "BookingDate": "2024-06-22",
                    "Class": "F",
                    "ForeignCurrencyPayment": 1383.01,
                    "ForeignCurrency": "EUR",
                    "AgencyNumber": "93",
                    "IsCancelled": ""
                },
                {
                    "AirlineID": "AZ",
                    "ConnectionNumber": "788",
                    "FlightDate": "2024-06-03",
                    "BookingNumber": "3782",
                    "BookingDate": "2024-05-11",
                    "Class": "Y",
                    "ForeignCurrencyPayment": 944.95,
                    "ForeignCurrency": "USD",
                    "AgencyNumber": "310",
                    "IsCancelled": "X"
                },
                {
                    "AirlineID": "AZ",
                    "ConnectionNumber": "790",
                    "FlightDate": "2024-05-03",
                    "BookingNumber": "12585",
                    "BookingDate": "2024-04-11",
                    "Class": "Y",
                    "ForeignCurrencyPayment": 930.27,
                    "ForeignCurrency": "USD",
                    "AgencyNumber": "320",
                    "IsCancelled": ""
                },
                {
                    "AirlineID": "DL",
                    "ConnectionNumber": "1984",
                    "FlightDate": "2024-05-01",
                    "BookingNumber": "7798",
                    "BookingDate": "2024-04-08",
                    "Class": "F",
                    "ForeignCurrencyPayment": 685.51,
                    "ForeignCurrency": "CHF",
                    "AgencyNumber": "108",
                    "IsCancelled": ""
                },
                {
                    "AirlineID": "DL",
                    "ConnectionNumber": "1699",
                    "FlightDate": "2024-05-01",
                    "BookingNumber": "4234",
                    "BookingDate": "2024-04-09",
                    "Class": "C",
                    "ForeignCurrencyPayment": 922.01,
                    "ForeignCurrency": "EUR",
                    "AgencyNumber": "124",
                    "IsCancelled": "X"
                },
                {
                    "AirlineID": "JL",
                    "ConnectionNumber": "408",
                    "FlightDate": "2024-07-09",
                    "BookingNumber": "7081",
                    "BookingDate": "2024-06-16",
                    "Class": "Y",
                    "ForeignCurrencyPayment": 961.00,
                    "ForeignCurrency": "EUR",
                    "AgencyNumber": "284",
                    "IsCancelled": ""
                },
                {
                    "AirlineID": "JL",
                    "ConnectionNumber": "407",
                    "FlightDate": "2024-07-08",
                    "BookingNumber": "3123",
                    "BookingDate": "2024-06-15",
                    "Class": "C",
                    "ForeignCurrencyPayment": 961.00,
                    "ForeignCurrency": "EUR",
                    "AgencyNumber": "101",
                    "IsCancelled": ""
                }
            ]
        },
        {
            "CustomerNumber": "12",
            "Form": "Frau",
            "CustomerName": "Radetzky",
            "Street": "Mozartstr. 102",
            "PostCode": "1000",
            "City": "Wien",
            "Country": "AT",
            "Email": "Radetzky@Marsch.at",
            "Telephone": "01 533 99 22",
            "Discount": "0",
            "_Bookings": [
                {
                    "AirlineID": "AA",
                    "ConnectionNumber": "17",
                    "FlightDate": "2024-05-03",
                    "BookingNumber": "1501",
                    "BookingDate": "2024-04-09",
                    "Class": "Y",
                    "ForeignCurrencyPayment": 663.22,
                    "ForeignCurrency": "CAD",
                    "AgencyNumber": "233",
                    "IsCancelled": ""
                },
                {
                    "AirlineID": "AA",
                    "ConnectionNumber": "17",
                    "FlightDate": "2024-06-04",
                    "BookingNumber": "2068",
                    "BookingDate": "2024-05-11",
                    "Class": "Y",
                    "ForeignCurrencyPayment": 422.94,
                    "ForeignCurrency": "USD",
                    "AgencyNumber": "320",
                    "IsCancelled": ""
                },
                {
                    "AirlineID": "AA",
                    "ConnectionNumber": "64",
                    "FlightDate": "2024-03-02",
                    "BookingNumber": "4276",
                    "BookingDate": "2024-02-07",
                    "Class": "C",
                    "ForeignCurrencyPayment": 461.00,
                    "ForeignCurrency": "EUR",
                    "AgencyNumber": "284",
                    "IsCancelled": "X"
                },
                {
                    "AirlineID": "AA",
                    "ConnectionNumber": "64",
                    "FlightDate": "2024-07-08",
                    "BookingNumber": "6010",
                    "BookingDate": "2024-06-14",
                    "Class": "F",
                    "ForeignCurrencyPayment": 422.94,
                    "ForeignCurrency": "USD",
                    "AgencyNumber": "0",
                    "IsCancelled": ""
                },
                {
                    "AirlineID": "AZ",
                    "ConnectionNumber": "555",
                    "FlightDate": "2024-09-08",
                    "BookingNumber": "1016",
                    "BookingDate": "2024-06-21",
                    "Class": "Y",
                    "ForeignCurrencyPayment": 185.00,
                    "ForeignCurrency": "EUR",
                    "AgencyNumber": "61",
                    "IsCancelled": ""
                },
                {
                    "AirlineID": "AZ",
                    "ConnectionNumber": "788",
                    "FlightDate": "2024-01-26",
                    "BookingNumber": "1794",
                    "BookingDate": "2024-01-02",
                    "Class": "Y",
                    "ForeignCurrencyPayment": 1030.00,
                    "ForeignCurrency": "EUR",
                    "AgencyNumber": "0",
                    "IsCancelled": ""
                },
                {
                    "AirlineID": "AZ",
                    "ConnectionNumber": "788",
                    "FlightDate": "2024-02-27",
                    "BookingNumber": "2115",
                    "BookingDate": "2024-02-03",
                    "Class": "C",
                    "ForeignCurrencyPayment": 1030.00,
                    "ForeignCurrency": "EUR",
                    "AgencyNumber": "114",
                    "IsCancelled": "X"
                },
                {
                    "AirlineID": "AZ",
                    "ConnectionNumber": "790",
                    "FlightDate": "2024-04-01",
                    "BookingNumber": "12033",
                    "BookingDate": "2024-03-08",
                    "Class": "F",
                    "ForeignCurrencyPayment": 930.27,
                    "ForeignCurrency": "USD",
                    "AgencyNumber": "323",
                    "IsCancelled": ""
                }
            ]
        }
    ]
}